"id","FName","LName","email","gender"
"1","Aimil","Heister","aheister0@tinypic.com","Female"
"2","Norrie","Hovington","nhovington1@reddit.com","Female"
"3","Dahlia","Elgey","delgey2@upenn.edu","Female"
"4","Willard","Pilfold","wpilfold3@usa.gov","Male"
"5","Melva","Artz","martz4@jiathis.com","Female"
"6","Vanda","Silverstone","vsilverstone5@fastcompany.com","Female"
"7","Ynes","Ambroz","yambroz6@virginia.edu","Female"
"8","Kelcie","Clemintoni","kclemintoni7@merriam-webster.com","Female"
"9","Leslie","Sisland","lsisland8@independent.co.uk","Female"
"10","Fernande","Nellies","fnellies9@cnn.com","Female"
"11","Rosette","Bridgen","rbridgena@walmart.com","Female"
"12","Brunhilda","McFeat","bmcfeatb@statcounter.com","Female"
"13","Jamesy","Sydney","jsydneyc@cbsnews.com","Male"
"14","Bern","Delacourt","bdelacourtd@diigo.com","Male"
"15","Chet","Braybrooke","cbraybrookee@cbslocal.com","Male"
"16","Mason","Mulgrew","mmulgrewf@ftc.gov","Male"
"17","April","Iacovino","aiacovinog@360.cn","Female"
"18","Halie","Elliss","hellissh@ehow.com","Female"
"19","Terri-jo","Shovelin","tshovelini@netscape.com","Female"
"20","Rey","Potts","rpottsj@go.com","Female"
"21","Elnore","Kondrachenko","ekondrachenkok@hubpages.com","Female"
"22","Ellis","Linner","elinnerl@java.com","Male"
"23","Jennilee","Ponde","jpondem@ed.gov","Female"
"24","Erhard","Bails","ebailsn@apache.org","Male"
"25","Norry","Huggill","nhuggillo@biglobe.ne.jp","Male"
"26","Sheridan","Kindell","skindellp@devhub.com","Male"
"27","Banky","Follis","bfollisq@noaa.gov","Male"
"28","Frank","Dunstan","fdunstanr@t-online.de","Male"
"29","Betti","Lamborn","blamborns@newsvine.com","Female"
"30","Ailene","Lehrle","alehrlet@constantcontact.com","Female"
"31","Hastings","Stoneham","hstonehamu@home.pl","Male"
"32","Gaspard","Shadwick","gshadwickv@ezinearticles.com","Male"
"33","Richard","Woolfitt","rwoolfittw@forbes.com","Male"
"34","Tuesday","Ludlow","tludlowx@pbs.org","Female"
"35","Neel","Wellen","nwelleny@bluehost.com","Male"
"36","Meta","Philippson","mphilippsonz@photobucket.com","Female"
"37","Bev","Ozintsev","bozintsev10@liveinternet.ru","Male"
"38","Nicola","Sweetmore","nsweetmore11@eventbrite.com","Female"
"39","Urban","Rikel","urikel12@hibu.com","Male"
"40","Clay","Shimon","cshimon13@blogs.com","Male"
"41","Phillis","Barnsdall","pbarnsdall14@yellowbook.com","Female"
"42","Shaw","Eggleson","seggleson15@rambler.ru","Male"
"43","Allys","Grealy","agrealy16@pcworld.com","Female"
"44","Brennan","Rozzier","brozzier17@cnbc.com","Male"
"45","Winne","Collington","wcollington18@webs.com","Female"
"46","Osbert","Angrock","oangrock19@dedecms.com","Male"
"47","Loria","Slowley","lslowley1a@dailymail.co.uk","Female"
"48","Corinna","Bownass","cbownass1b@cloudflare.com","Female"
"49","Fredric","O'Boyle","foboyle1c@china.com.cn","Male"
"50","Luise","Harken","lharken1d@i2i.jp","Female"
"51","Nissie","Wickens","nwickens1e@miibeian.gov.cn","Female"
"52","Berty","Pelfer","bpelfer1f@yellowbook.com","Male"
"53","Terrence","Craisford","tcraisford1g@dell.com","Male"
"54","Royce","Zoanetti","rzoanetti1h@csmonitor.com","Male"
"55","Gabie","Huckell","ghuckell1i@forbes.com","Male"
"56","Nona","Duxfield","nduxfield1j@cornell.edu","Female"
"57","Jerald","Frosdick","jfrosdick1k@cloudflare.com","Male"
"58","Torey","Pleavin","tpleavin1l@xrea.com","Male"
"59","Goldina","Finlaison","gfinlaison1m@live.com","Female"
"60","Bendicty","Veldstra","bveldstra1n@arizona.edu","Male"
"61","Cirstoforo","Kummerlowe","ckummerlowe1o@so-net.ne.jp","Male"
"62","Ernie","Watkiss","ewatkiss1p@msu.edu","Male"
"63","Annette","Hazzard","ahazzard1q@wordpress.org","Female"
"64","Rickie","Degoix","rdegoix1r@nydailynews.com","Male"
"65","Gilbert","Hissett","ghissett1s@gnu.org","Male"
"66","Wainwright","Whiston","wwhiston1t@tripadvisor.com","Male"
"67","Cthrine","Silman","csilman1u@edublogs.org","Female"
"68","Cyb","Enders","cenders1v@webmd.com","Female"
"69","Graeme","Sakins","gsakins1w@fastcompany.com","Male"
"70","Gisella","Winstanley","gwinstanley1x@hubpages.com","Female"
"71","Bette","Ivankov","bivankov1y@qq.com","Female"
"72","Moria","Hows","mhows1z@army.mil","Female"
"73","Darnell","Spatig","dspatig20@bloglines.com","Male"
"74","Shay","Curme","scurme21@addthis.com","Female"
"75","Lazar","Kindleysides","lkindleysides22@google.it","Male"
"76","Edvard","Pickburn","epickburn23@photobucket.com","Male"
"77","Chery","Lange","clange24@webnode.com","Female"
"78","Elsa","Seamarke","eseamarke25@cdc.gov","Female"
"79","Justen","Demongeot","jdemongeot26@sogou.com","Male"
"80","Clare","Reddick","creddick27@gnu.org","Female"
"81","Hogan","Klement","hklement28@newsvine.com","Male"
"82","Karleen","Gaucher","kgaucher29@cbslocal.com","Female"
"83","Aryn","Shewan","ashewan2a@wikispaces.com","Female"
"84","Rinaldo","Bazoge","rbazoge2b@reddit.com","Male"
"85","Ginger","MacGinley","gmacginley2c@dot.gov","Male"
"86","Esdras","Milazzo","emilazzo2d@fc2.com","Male"
"87","Sofie","Gisburn","sgisburn2e@merriam-webster.com","Female"
"88","Rodney","Corps","rcorps2f@disqus.com","Male"
"89","Averyl","Teather","ateather2g@pen.io","Female"
"90","Amble","Robker","arobker2h@ucoz.com","Male"
"91","Trace","Undrell","tundrell2i@furl.net","Male"
"92","Jo","Haskayne","jhaskayne2j@indiegogo.com","Male"
"93","Aylmer","Redish","aredish2k@imgur.com","Male"
"94","Carlie","Cundict","ccundict2l@discovery.com","Male"
"95","Georgianne","Poag","gpoag2m@weather.com","Female"
"96","Dianne","Bunn","dbunn2n@shareasale.com","Female"
"97","Moore","Smalecombe","msmalecombe2o@xing.com","Male"
"98","Nester","Grimwad","ngrimwad2p@google.ca","Male"
"99","Serene","Salvage","ssalvage2q@delicious.com","Female"
"100","Nicky","Gore","ngore2r@buzzfeed.com","Female"
"101","Blake","Balasini","bbalasini2s@ihg.com","Female"
"102","Talya","Summersett","tsummersett2t@flavors.me","Female"
"103","Rudie","Scawton","rscawton2u@lulu.com","Male"
"104","Paola","Beeze","pbeeze2v@dagondesign.com","Female"
"105","Munmro","Jarmaine","mjarmaine2w@va.gov","Male"
"106","Zolly","Mound","zmound2x@columbia.edu","Male"
"107","Skell","Kopecka","skopecka2y@joomla.org","Male"
"108","Jessamine","Lamden","jlamden2z@posterous.com","Female"
"109","Darcy","Eves","deves30@bravesites.com","Female"
"110","Barny","Bellord","bbellord31@cnet.com","Male"
"111","Fiorenze","Habbershon","fhabbershon32@ehow.com","Female"
"112","Dianna","Fasset","dfasset33@geocities.com","Female"
"113","Maryellen","Gilbeart","mgilbeart34@imageshack.us","Female"
"114","Tera","Cadlock","tcadlock35@engadget.com","Female"
"115","Moe","McReath","mmcreath36@blogs.com","Male"
"116","Sibilla","Cornelis","scornelis37@bandcamp.com","Female"
"117","Philippe","Fishwick","pfishwick38@prnewswire.com","Female"
"118","Benedicto","Dussy","bdussy39@google.de","Male"
"119","Anatola","Coggill","acoggill3a@cafepress.com","Female"
"120","Luciana","Minney","lminney3b@howstuffworks.com","Female"
"121","Emlynn","Yendle","eyendle3c@typepad.com","Female"
"122","Lacey","Brockley","lbrockley3d@disqus.com","Female"
"123","Dionisio","Ryal","dryal3e@sbwire.com","Male"
"124","Margareta","Dinzey","mdinzey3f@who.int","Female"
"125","Brennen","Jedrzej","bjedrzej3g@godaddy.com","Male"
"126","Adair","Shawell","ashawell3h@sogou.com","Male"
"127","Osbourn","Bool","obool3i@goo.gl","Male"
"128","Elihu","Fiddy","efiddy3j@opera.com","Male"
"129","Morten","Menault","mmenault3k@businessinsider.com","Male"
"130","Gabrila","Gehrels","ggehrels3l@ca.gov","Female"
"131","Lexie","Freathy","lfreathy3m@w3.org","Female"
"132","Joni","Clulee","jclulee3n@pinterest.com","Female"
"133","Corina","Bonnick","cbonnick3o@zdnet.com","Female"
"134","Else","Haydon","ehaydon3p@pinterest.com","Female"
"135","Alisander","Safe","asafe3q@amazon.com","Male"
"136","Datha","Braffington","dbraffington3r@spotify.com","Female"
"137","Misha","Streader","mstreader3s@pen.io","Female"
"138","Dreddy","Filyashin","dfilyashin3t@smugmug.com","Female"
"139","Jacquelynn","Lindley","jlindley3u@discovery.com","Female"
"140","Neel","Scamaden","nscamaden3v@weibo.com","Male"
"141","Gilligan","Bridgewood","gbridgewood3w@timesonline.co.uk","Female"
"142","Iago","Semorad","isemorad3x@npr.org","Male"
"143","Gillian","Jaksic","gjaksic3y@networkadvertising.org","Female"
"144","Dagny","Wigfield","dwigfield3z@sun.com","Male"
"145","Margarethe","Kirkam","mkirkam40@sohu.com","Female"
"146","Sheela","Hunte","shunte41@techcrunch.com","Female"
"147","Quintin","Sealeaf","qsealeaf42@google.de","Male"
"148","Agna","Hallan","ahallan43@disqus.com","Female"
"149","Marji","Conroy","mconroy44@who.int","Female"
"150","Violette","Balmadier","vbalmadier45@state.gov","Female"
"151","Franklyn","Doorey","fdoorey46@domainmarket.com","Male"
"152","Zane","Fessier","zfessier47@pen.io","Male"
"153","Loni","Garrood","lgarrood48@ibm.com","Female"
"154","Aindrea","Smorthwaite","asmorthwaite49@list-manage.com","Female"
"155","Elmore","Borg","eborg4a@howstuffworks.com","Male"
"156","Michaella","Berthomier","mberthomier4b@gov.uk","Female"
"157","Corty","Metcalf","cmetcalf4c@a8.net","Male"
"158","Ogden","Peasey","opeasey4d@arstechnica.com","Male"
"159","Charin","Faustian","cfaustian4e@yolasite.com","Female"
"160","Gregorius","Orlton","gorlton4f@pbs.org","Male"
"161","Rinaldo","Aizikovich","raizikovich4g@webs.com","Male"
"162","Alasteir","Suerz","asuerz4h@mayoclinic.com","Male"
"163","Cart","Rief","crief4i@yellowpages.com","Male"
"164","Fanechka","de Voiels","fdevoiels4j@wunderground.com","Female"
"165","Alon","Lockart","alockart4k@51.la","Male"
"166","Abigael","Standingford","astandingford4l@discuz.net","Female"
"167","Baillie","Mapledorum","bmapledorum4m@over-blog.com","Male"
"168","Madlen","Coundley","mcoundley4n@desdev.cn","Female"
"169","Dana","Hancox","dhancox4o@hubpages.com","Female"
"170","Holli","Zmitrichenko","hzmitrichenko4p@apache.org","Female"
"171","Arch","French","afrench4q@lycos.com","Male"
"172","Elianora","Vickarman","evickarman4r@over-blog.com","Female"
"173","Kamila","Aucock","kaucock4s@umn.edu","Female"
"174","Merle","Tollit","mtollit4t@hp.com","Female"
"175","Aubine","Middas","amiddas4u@nymag.com","Female"
"176","Blaire","Fetherstone","bfetherstone4v@nymag.com","Female"
"177","Barde","Hevner","bhevner4w@google.cn","Male"
"178","Cherise","Crichley","ccrichley4x@prnewswire.com","Female"
"179","Elfreda","Filippazzo","efilippazzo4y@seesaa.net","Female"
"180","Martainn","Mowsdale","mmowsdale4z@earthlink.net","Male"
"181","Wadsworth","Sapsforde","wsapsforde50@oakley.com","Male"
"182","Marlo","Scoterbosh","mscoterbosh51@accuweather.com","Female"
"183","Norby","Vido","nvido52@engadget.com","Male"
"184","Tabb","Stigers","tstigers53@google.es","Male"
"185","Oliver","Forsaith","oforsaith54@narod.ru","Male"
"186","Kennie","Prettyjohn","kprettyjohn55@odnoklassniki.ru","Male"
"187","Bev","Vance","bvance56@surveymonkey.com","Female"
"188","Alyse","Stanyland","astanyland57@amazon.co.uk","Female"
"189","Harold","Pickford","hpickford58@telegraph.co.uk","Male"
"190","Giffy","Hazeup","ghazeup59@paginegialle.it","Male"
"191","Christel","McIlveen","cmcilveen5a@360.cn","Female"
"192","Elbertina","Banck","ebanck5b@eepurl.com","Female"
"193","Flin","Chevers","fchevers5c@businesswire.com","Male"
"194","Thomasin","Madison","tmadison5d@timesonline.co.uk","Female"
"195","Brynne","Benedek","bbenedek5e@google.de","Female"
"196","Lora","Reuter","lreuter5f@fc2.com","Female"
"197","Harriet","Sturley","hsturley5g@i2i.jp","Female"
"198","Chrissie","Wiltshaw","cwiltshaw5h@cbsnews.com","Female"
"199","Niel","Prevett","nprevett5i@reference.com","Male"
"200","Amie","Coltart","acoltart5j@forbes.com","Female"
"201","Maddy","Biskupski","mbiskupski5k@sun.com","Male"
"202","Cyrillus","Langmaid","clangmaid5l@over-blog.com","Male"
"203","Adore","Alvares","aalvares5m@bizjournals.com","Female"
"204","Padriac","McWhannel","pmcwhannel5n@blog.com","Male"
"205","Modestia","Jeannenet","mjeannenet5o@topsy.com","Female"
"206","Reynard","Rooke","rrooke5p@amazon.com","Male"
"207","Raimundo","Skeete","rskeete5q@techcrunch.com","Male"
"208","Jesse","Caldera","jcaldera5r@technorati.com","Female"
"209","Olag","Oganesian","ooganesian5s@unblog.fr","Male"
"210","Zabrina","Poynter","zpoynter5t@diigo.com","Female"
"211","Beitris","Bemment","bbemment5u@un.org","Female"
"212","Vi","Enterle","venterle5v@behance.net","Female"
"213","Donovan","Witts","dwitts5w@sohu.com","Male"
"214","Lonnie","Tissiman","ltissiman5x@soundcloud.com","Male"
"215","Othilia","Mattingson","omattingson5y@cloudflare.com","Female"
"216","Adria","Cuttelar","acuttelar5z@amazonaws.com","Female"
"217","Farah","Bennellick","fbennellick60@miibeian.gov.cn","Female"
"218","Cesya","Shuttleworth","cshuttleworth61@dailymail.co.uk","Female"
"219","Adelice","Heaphy","aheaphy62@earthlink.net","Female"
"220","Yul","Worboy","yworboy63@reddit.com","Male"
"221","Keely","Houseago","khouseago64@feedburner.com","Female"
"222","Brandon","Bandey","bbandey65@gov.uk","Male"
"223","Emelita","Nellies","enellies66@bbb.org","Female"
"224","Nanny","Tiler","ntiler67@reddit.com","Female"
"225","Marquita","Mathers","mmathers68@dailymotion.com","Female"
"226","Pernell","Pixton","ppixton69@mtv.com","Male"
"227","Nealy","Beincken","nbeincken6a@scientificamerican.com","Male"
"228","Thaddus","Ramlot","tramlot6b@nydailynews.com","Male"
"229","Tyson","Guidini","tguidini6c@myspace.com","Male"
"230","Welsh","Leates","wleates6d@amazon.de","Male"
"231","Dominique","McTurk","dmcturk6e@mozilla.org","Female"
"232","Ash","Priestner","apriestner6f@rakuten.co.jp","Male"
"233","Meghann","Munkton","mmunkton6g@cafepress.com","Female"
"234","Fae","Guillet","fguillet6h@yellowpages.com","Female"
"235","Rachelle","Halegarth","rhalegarth6i@elpais.com","Female"
"236","Rocky","Frenchum","rfrenchum6j@free.fr","Male"
"237","Gaston","Dunderdale","gdunderdale6k@list-manage.com","Male"
"238","Ingrid","Bohlmann","ibohlmann6l@canalblog.com","Female"
"239","Sibella","Goodlife","sgoodlife6m@epa.gov","Female"
"240","Cecil","Bromet","cbromet6n@boston.com","Male"
"241","Pauly","Haydney","phaydney6o@cbc.ca","Female"
"242","Lurette","Eversley","leversley6p@behance.net","Female"
"243","Christel","Buntin","cbuntin6q@phoca.cz","Female"
"244","Shannon","Hayer","shayer6r@alexa.com","Male"
"245","Marga","Weatherill","mweatherill6s@joomla.org","Female"
"246","Sayer","Cymper","scymper6t@ucsd.edu","Male"
"247","Morty","Swaite","mswaite6u@eventbrite.com","Male"
"248","Tull","Cairns","tcairns6v@smugmug.com","Male"
"249","Aldwin","Nix","anix6w@ed.gov","Male"
"250","Jameson","McTaggart","jmctaggart6x@nba.com","Male"
"251","Lonnie","Rawood","lrawood6y@bizjournals.com","Female"
"252","Seamus","Ranscome","sranscome6z@cafepress.com","Male"
"253","Gilburt","Waiting","gwaiting70@issuu.com","Male"
"254","Kev","Nazareth","knazareth71@archive.org","Male"
"255","Vivyanne","Rosenbloom","vrosenbloom72@t.co","Female"
"256","Germaine","Humber","ghumber73@twitpic.com","Male"
"257","Rubie","Barnson","rbarnson74@prlog.org","Female"
"258","Esther","Fearenside","efearenside75@jigsy.com","Female"
"259","Lynea","Sheekey","lsheekey76@aboutads.info","Female"
"260","Billye","Parsall","bparsall77@qq.com","Female"
"261","Titus","Murdy","tmurdy78@comsenz.com","Male"
"262","Yank","Planke","yplanke79@whitehouse.gov","Male"
"263","Herold","Bartel","hbartel7a@unc.edu","Male"
"264","Cullin","McFadyen","cmcfadyen7b@meetup.com","Male"
"265","Esmeralda","Leadbeatter","eleadbeatter7c@marketwatch.com","Female"
"266","Jude","Chrstine","jchrstine7d@dropbox.com","Male"
"267","Isabel","I'anson","iianson7e@sciencedirect.com","Female"
"268","Yoshiko","Blare","yblare7f@yahoo.co.jp","Female"
"269","Cordelia","Austins","caustins7g@timesonline.co.uk","Female"
"270","Rosy","Stratiff","rstratiff7h@163.com","Female"
"271","Aubrey","Surman-Wells","asurmanwells7i@ucla.edu","Male"
"272","Bartholomeus","Hampstead","bhampstead7j@themeforest.net","Male"
"273","Gigi","Jacobsohn","gjacobsohn7k@so-net.ne.jp","Female"
"274","Arlinda","Rooke","arooke7l@squidoo.com","Female"
"275","Homer","Meech","hmeech7m@wufoo.com","Male"
"276","Wilie","Stanislaw","wstanislaw7n@opensource.org","Female"
"277","Wylma","Merriment","wmerriment7o@unblog.fr","Female"
"278","Mirna","Bosley","mbosley7p@adobe.com","Female"
"279","Mavis","Emblen","memblen7q@upenn.edu","Female"
"280","Archibaldo","Jansen","ajansen7r@booking.com","Male"
"281","Desmund","Hue","dhue7s@typepad.com","Male"
"282","Dyna","Wyss","dwyss7t@washingtonpost.com","Female"
"283","Kennith","McPeeters","kmcpeeters7u@china.com.cn","Male"
"284","Norbie","Saphin","nsaphin7v@multiply.com","Male"
"285","Mordecai","Gelletly","mgelletly7w@feedburner.com","Male"
"286","Elsworth","Shoutt","eshoutt7x@360.cn","Male"
"287","Riobard","Calan","rcalan7y@buzzfeed.com","Male"
"288","Bran","Twidell","btwidell7z@mediafire.com","Male"
"289","Lynnea","Sentinella","lsentinella80@slashdot.org","Female"
"290","Othilia","Jopling","ojopling81@odnoklassniki.ru","Female"
"291","Eloise","Gallemore","egallemore82@bluehost.com","Female"
"292","Dolph","Pedrazzi","dpedrazzi83@engadget.com","Male"
"293","Josee","Joss","jjoss84@diigo.com","Female"
"294","Freemon","Desantis","fdesantis85@surveymonkey.com","Male"
"295","Aubine","Dosdell","adosdell86@webs.com","Female"
"296","Vanessa","Gutch","vgutch87@miitbeian.gov.cn","Female"
"297","Avril","Lindenstrauss","alindenstrauss88@washington.edu","Female"
"298","Rafi","Bamford","rbamford89@360.cn","Male"
"299","Myrwyn","Renshaw","mrenshaw8a@huffingtonpost.com","Male"
"300","Evangeline","Marsie","emarsie8b@dagondesign.com","Female"
"301","Stepha","Rudd","srudd8c@imgur.com","Female"
"302","Josh","Benediktsson","jbenediktsson8d@economist.com","Male"
"303","Kaine","Bousquet","kbousquet8e@comcast.net","Male"
"304","Kippie","Poupard","kpoupard8f@wp.com","Female"
"305","Pebrook","Muspratt","pmuspratt8g@dyndns.org","Male"
"306","Brod","Sandeson","bsandeson8h@wisc.edu","Male"
"307","Bryn","St. Quintin","bstquintin8i@paypal.com","Male"
"308","Cairistiona","Thomel","cthomel8j@bizjournals.com","Female"
"309","Janina","McColl","jmccoll8k@rediff.com","Female"
"310","Katrine","Buckthought","kbuckthought8l@sbwire.com","Female"
"311","Gus","Mobbs","gmobbs8m@dmoz.org","Male"
"312","Hyacinthe","Crossfeld","hcrossfeld8n@odnoklassniki.ru","Female"
"313","Roderic","Garie","rgarie8o@hibu.com","Male"
"314","Amie","Bjorkan","abjorkan8p@walmart.com","Female"
"315","Milton","Penhalurick","mpenhalurick8q@utexas.edu","Male"
"316","Bambie","Handscombe","bhandscombe8r@google.cn","Female"
"317","Carolyne","Turl","cturl8s@jalbum.net","Female"
"318","Amandy","McAnulty","amcanulty8t@dyndns.org","Female"
"319","Stacee","Earie","searie8u@t.co","Female"
"320","Tamas","Bennison","tbennison8v@webmd.com","Male"
"321","Moe","Dulton","mdulton8w@360.cn","Male"
"322","Tommy","Annon","tannon8x@guardian.co.uk","Male"
"323","Kendre","Akett","kakett8y@dagondesign.com","Female"
"324","Emyle","Kenelin","ekenelin8z@cargocollective.com","Female"
"325","Hadleigh","Trail","htrail90@prlog.org","Male"
"326","Celle","Danilowicz","cdanilowicz91@utexas.edu","Female"
"327","Tiphanie","Dodshun","tdodshun92@npr.org","Female"
"328","Regina","Bissatt","rbissatt93@livejournal.com","Female"
"329","Cornie","Girodin","cgirodin94@mayoclinic.com","Male"
"330","Heall","Sheal","hsheal95@fc2.com","Male"
"331","Gonzales","Humburton","ghumburton96@w3.org","Male"
"332","Aubrette","Backs","abacks97@eepurl.com","Female"
"333","Myca","Laurance","mlaurance98@macromedia.com","Male"
"334","Karl","Wratten","kwratten99@elpais.com","Male"
"335","Jacintha","Sigfrid","jsigfrid9a@earthlink.net","Female"
"336","Zulema","MacDirmid","zmacdirmid9b@va.gov","Female"
"337","Harri","Woollends","hwoollends9c@zimbio.com","Female"
"338","Selig","Wyrill","swyrill9d@aboutads.info","Male"
"339","Almeta","Whapples","awhapples9e@bloglines.com","Female"
"340","Hobey","Gooderidge","hgooderidge9f@noaa.gov","Male"
"341","Jory","Darker","jdarker9g@goo.ne.jp","Male"
"342","Nickolaus","Melliard","nmelliard9h@statcounter.com","Male"
"343","Julietta","Garnsworth","jgarnsworth9i@nymag.com","Female"
"344","Neely","Claris","nclaris9j@mysql.com","Female"
"345","Gracia","Haysey","ghaysey9k@blinklist.com","Female"
"346","Smitty","Pyrke","spyrke9l@instagram.com","Male"
"347","Hettie","Pyrke","hpyrke9m@topsy.com","Female"
"348","Vinny","Embery","vembery9n@4shared.com","Female"
"349","Meier","Acomb","macomb9o@macromedia.com","Male"
"350","Randee","Sarten","rsarten9p@cbsnews.com","Female"
"351","Cicely","Gatecliffe","cgatecliffe9q@apple.com","Female"
"352","Carrissa","Conybear","cconybear9r@imdb.com","Female"
"353","Syd","Dumberrill","sdumberrill9s@typepad.com","Male"
"354","Thomasin","Toderini","ttoderini9t@amazon.co.uk","Female"
"355","Dillon","Hatter","dhatter9u@canalblog.com","Male"
"356","Virgie","Allderidge","vallderidge9v@google.cn","Female"
"357","Carlin","Strowlger","cstrowlger9w@cbsnews.com","Female"
"358","Maxwell","Prestidge","mprestidge9x@techcrunch.com","Male"
"359","Gnni","Agus","gagus9y@about.me","Female"
"360","Reuben","Antonich","rantonich9z@com.com","Male"
"361","Jay","Colbron","jcolbrona0@topsy.com","Male"
"362","Harrietta","Runham","hrunhama1@kickstarter.com","Female"
"363","Colin","Volage","cvolagea2@infoseek.co.jp","Male"
"364","Jandy","Tidgewell","jtidgewella3@netvibes.com","Female"
"365","Nicolina","Szymaniak","nszymaniaka4@qq.com","Female"
"366","Shea","Convery","sconverya5@i2i.jp","Male"
"367","Gayler","Marzelli","gmarzellia6@chicagotribune.com","Male"
"368","Symon","McGarahan","smcgarahana7@nih.gov","Male"
"369","Simona","Goudy","sgoudya8@google.com.au","Female"
"370","Towny","Hunnicutt","thunnicutta9@zdnet.com","Male"
"371","Rollin","Prowting","rprowtingaa@shareasale.com","Male"
"372","Lucian","Loutheane","lloutheaneab@feedburner.com","Male"
"373","Osbert","Placido","oplacidoac@msu.edu","Male"
"374","Tamarah","Maunder","tmaunderad@ft.com","Female"
"375","Seamus","Stych","sstychae@plala.or.jp","Male"
"376","Elianora","Daintree","edaintreeaf@utexas.edu","Female"
"377","Arley","Abdy","aabdyag@china.com.cn","Male"
"378","Eirena","Theuss","etheussah@booking.com","Female"
"379","Ronny","Reggler","rregglerai@ovh.net","Male"
"380","Annissa","Fahy","afahyaj@columbia.edu","Female"
"381","Gregg","Henrichs","ghenrichsak@livejournal.com","Male"
"382","Morey","Olford","molfordal@is.gd","Male"
"383","Trixi","Reany","treanyam@tiny.cc","Female"
"384","Carrissa","Whitty","cwhittyan@webmd.com","Female"
"385","Augustine","Moneypenny","amoneypennyao@ca.gov","Female"
"386","Brenna","Cavnor","bcavnorap@cbslocal.com","Female"
"387","Jayme","Clissold","jclissoldaq@salon.com","Male"
"388","Shawnee","Figgs","sfiggsar@ucoz.com","Female"
"389","Lurette","Chiverton","lchivertonas@irs.gov","Female"
"390","Scarface","Jendrassik","sjendrassikat@skype.com","Male"
"391","Ulrick","McFayden","umcfaydenau@si.edu","Male"
"392","Shandie","Leiden","sleidenav@nhs.uk","Female"
"393","Abbie","Brognot","abrognotaw@imdb.com","Male"
"394","Jessie","Donne","jdonneax@dropbox.com","Male"
"395","Steward","Peevor","speevoray@wikispaces.com","Male"
"396","Fiona","Jacquet","fjacquetaz@japanpost.jp","Female"
"397","Dalia","McRae","dmcraeb0@pinterest.com","Female"
"398","Winn","Mixture","wmixtureb1@technorati.com","Male"
"399","Sandy","Jumel","sjumelb2@paginegialle.it","Male"
"400","Wynn","Koschke","wkoschkeb3@ucsd.edu","Male"
"401","Geri","Strowther","gstrowtherb4@cdc.gov","Female"
"402","Tailor","Duffell","tduffellb5@free.fr","Male"
"403","Amory","Wisedale","awisedaleb6@vimeo.com","Male"
"404","Berton","Creggan","bcregganb7@telegraph.co.uk","Male"
"405","Ken","Brunke","kbrunkeb8@yandex.ru","Male"
"406","Barbey","Stollenbecker","bstollenbeckerb9@salon.com","Female"
"407","Mycah","Moreing","mmoreingba@hugedomains.com","Male"
"408","Broddie","Gauche","bgauchebb@cnbc.com","Male"
"409","Mylo","Van Arsdalen","mvanarsdalenbc@cpanel.net","Male"
"410","Yancy","Hrishanok","yhrishanokbd@nytimes.com","Male"
"411","Angus","Richin","arichinbe@wufoo.com","Male"
"412","Ardisj","Foggarty","afoggartybf@vkontakte.ru","Female"
"413","Henriette","Bartholat","hbartholatbg@blogger.com","Female"
"414","Lu","Babington","lbabingtonbh@typepad.com","Female"
"415","Alleyn","Setch","asetchbi@merriam-webster.com","Male"
"416","Lilli","Hawkett","lhawkettbj@europa.eu","Female"
"417","Dunc","Grishenkov","dgrishenkovbk@scientificamerican.com","Male"
"418","Diarmid","Shreeves","dshreevesbl@arizona.edu","Male"
"419","Kelley","Hargey","khargeybm@youtu.be","Female"
"420","Cheryl","Sabin","csabinbn@npr.org","Female"
"421","Virge","Daudray","vdaudraybo@odnoklassniki.ru","Male"
"422","Lavinie","Billingsly","lbillingslybp@cyberchimps.com","Female"
"423","Rennie","Blue","rbluebq@github.io","Female"
"424","Zonnya","Arrow","zarrowbr@thetimes.co.uk","Female"
"425","Bayard","Cartmer","bcartmerbs@dailymail.co.uk","Male"
"426","Clerkclaude","Leyzell","cleyzellbt@businessinsider.com","Male"
"427","Olympe","Kevlin","okevlinbu@51.la","Female"
"428","Riva","Moules","rmoulesbv@auda.org.au","Female"
"429","Kellen","Jeune","kjeunebw@tiny.cc","Female"
"430","Maiga","Beatty","mbeattybx@linkedin.com","Female"
"431","Heriberto","Stedson","hstedsonby@amazonaws.com","Male"
"432","Ingrim","Brideaux","ibrideauxbz@icio.us","Male"
"433","Shawna","Stannis","sstannisc0@walmart.com","Female"
"434","Stephana","Huyton","shuytonc1@craigslist.org","Female"
"435","Lainey","Campes","lcampesc2@alibaba.com","Female"
"436","Valma","Corballis","vcorballisc3@51.la","Female"
"437","Shawna","Cutbush","scutbushc4@tamu.edu","Female"
"438","Ado","Poone","apoonec5@sfgate.com","Male"
"439","Bernardine","Matthessen","bmatthessenc6@huffingtonpost.com","Female"
"440","Jory","Gainseford","jgainsefordc7@home.pl","Male"
"441","Delilah","Lamberth","dlamberthc8@bandcamp.com","Female"
"442","Janeta","Garrit","jgarritc9@imgur.com","Female"
"443","Ignazio","Garwell","igarwellca@storify.com","Male"
"444","Pamelina","Soutter","psouttercb@newyorker.com","Female"
"445","Claudius","Laxtonne","claxtonnecc@mayoclinic.com","Male"
"446","Gussi","Lindell","glindellcd@hexun.com","Female"
"447","Maddy","Minards","mminardsce@engadget.com","Male"
"448","Gilbertine","Urion","gurioncf@webeden.co.uk","Female"
"449","Malanie","Morales","mmoralescg@npr.org","Female"
"450","Tadio","Robke","trobkech@tuttocitta.it","Male"
"451","Annaliese","Reford","arefordci@friendfeed.com","Female"
"452","Marni","Hamsson","mhamssoncj@npr.org","Female"
"453","Rori","Biskupek","rbiskupekck@nsw.gov.au","Female"
"454","Borg","Rawlence","brawlencecl@wiley.com","Male"
"455","Florence","Matiasek","fmatiasekcm@who.int","Female"
"456","Mata","Philpot","mphilpotcn@java.com","Male"
"457","Patrice","Galletly","pgalletlyco@europa.eu","Female"
"458","Chrysa","Duester","cduestercp@ehow.com","Female"
"459","Cindra","Pidduck","cpidduckcq@mapquest.com","Female"
"460","Derrek","Keuntje","dkeuntjecr@liveinternet.ru","Male"
"461","Rani","Yurivtsev","ryurivtsevcs@marriott.com","Female"
"462","Reynolds","Hardington","rhardingtonct@stumbleupon.com","Male"
"463","Buddy","Wanklin","bwanklincu@t.co","Male"
"464","Lindsay","Glassborow","lglassborowcv@paginegialle.it","Female"
"465","Myra","Paviour","mpaviourcw@soundcloud.com","Female"
"466","Agna","Alldis","aalldiscx@scribd.com","Female"
"467","Nickolas","Coulman","ncoulmancy@yelp.com","Male"
"468","Bendick","Patridge","bpatridgecz@woothemes.com","Male"
"469","Winfield","Iannini","wianninid0@globo.com","Male"
"470","Jefferson","Juliano","jjulianod1@unblog.fr","Male"
"471","Saxe","Warrilow","swarrilowd2@dagondesign.com","Male"
"472","Tobey","Spread","tspreadd3@unesco.org","Female"
"473","Cassi","Grubbe","cgrubbed4@yahoo.co.jp","Female"
"474","Hildegaard","McEachern","hmceachernd5@sun.com","Female"
"475","Cornall","Loisi","cloisid6@geocities.jp","Male"
"476","Michaeline","Indgs","mindgsd7@noaa.gov","Female"
"477","Lew","Wilmott","lwilmottd8@cocolog-nifty.com","Male"
"478","Oliviero","McManamen","omcmanamend9@unc.edu","Male"
"479","Lorens","Castenda","lcastendada@virginia.edu","Male"
"480","Pam","Balfour","pbalfourdb@free.fr","Female"
"481","Alistair","Tremain","atremaindc@arizona.edu","Male"
"482","Wallache","Fantham","wfanthamdd@fda.gov","Male"
"483","Hedvige","Eskell","heskellde@weather.com","Female"
"484","Laverna","Aizikovich","laizikovichdf@homestead.com","Female"
"485","Harlene","Cran","hcrandg@moonfruit.com","Female"
"486","Anneliese","Haily","ahailydh@altervista.org","Female"
"487","Sterne","Ogdahl","sogdahldi@dyndns.org","Male"
"488","Nettle","Benedyktowicz","nbenedyktowiczdj@paginegialle.it","Female"
"489","Regen","Cawthorne","rcawthornedk@infoseek.co.jp","Male"
"490","Heall","Docwra","hdocwradl@hao123.com","Male"
"491","Maureene","Schout","mschoutdm@drupal.org","Female"
"492","Jaquenetta","Hoy","jhoydn@goodreads.com","Female"
"493","Marianne","McRamsey","mmcramseydo@reuters.com","Female"
"494","Rich","Netherclift","rnethercliftdp@google.es","Male"
"495","Maggi","Kighly","mkighlydq@devhub.com","Female"
"496","Garrard","Heinert","gheinertdr@bing.com","Male"
"497","Patrizio","Sharrem","psharremds@irs.gov","Male"
"498","Ferdinand","Butland","fbutlanddt@google.co.uk","Male"
"499","Abe","Whittam","awhittamdu@mit.edu","Male"
"500","Dallas","Levis","dlevisdv@uiuc.edu","Male"
"501","Kacy","Gullam","kgullamdw@cafepress.com","Female"
"502","Grata","Edmand","gedmanddx@ameblo.jp","Female"
"503","Jordan","Geikie","jgeikiedy@php.net","Male"
"504","Baird","Stanex","bstanexdz@chronoengine.com","Male"
"505","Lorinda","Ellin","lelline0@hatena.ne.jp","Female"
"506","Reynold","Iacobucci","riacobuccie1@mediafire.com","Male"
"507","Cornall","Sayles","csaylese2@miibeian.gov.cn","Male"
"508","Stearn","Melley","smelleye3@apple.com","Male"
"509","Marion","Dumbar","mdumbare4@google.co.uk","Female"
"510","Jamison","Ferrandez","jferrandeze5@admin.ch","Male"
"511","Timothea","Jalland","tjallande6@free.fr","Female"
"512","Abramo","Linne","alinnee7@webmd.com","Male"
"513","Koressa","Bloxsom","kbloxsome8@rakuten.co.jp","Female"
"514","Madge","Shine","mshinee9@vinaora.com","Female"
"515","Elicia","Tancock","etancockea@arstechnica.com","Female"
"516","Viola","Sumner","vsumnereb@instagram.com","Female"
"517","Rockey","Byfford","rbyffordec@mayoclinic.com","Male"
"518","Gram","Honniebal","ghonniebaled@chronoengine.com","Male"
"519","Pattin","Charlick","pcharlickee@china.com.cn","Male"
"520","Eberhard","Costen","ecostenef@indiegogo.com","Male"
"521","Gay","Drain","gdraineg@ftc.gov","Male"
"522","Eleonora","De la Feld","edelafeldeh@jigsy.com","Female"
"523","Donella","Amberg","dambergei@addtoany.com","Female"
"524","Clareta","Loraine","cloraineej@bloomberg.com","Female"
"525","Alexei","Reboulet","arebouletek@google.fr","Male"
"526","Herold","Sugars","hsugarsel@studiopress.com","Male"
"527","Kasey","Willden","kwilldenem@nature.com","Female"
"528","Kare","Trump","ktrumpen@mac.com","Female"
"529","Merrill","Wyley","mwyleyeo@clickbank.net","Female"
"530","Ana","Cardiff","acardiffep@ebay.co.uk","Female"
"531","Cullin","Burbury","cburburyeq@diigo.com","Male"
"532","Hoebart","Weiser","hweiserer@example.com","Male"
"533","Malcolm","Curnick","mcurnickes@google.cn","Male"
"534","Randi","Tolemache","rtolemacheet@google.co.jp","Female"
"535","Bartlet","Venney","bvenneyeu@ameblo.jp","Male"
"536","Leyla","Giraudeau","lgiraudeauev@diigo.com","Female"
"537","Mitzi","Cholonin","mcholoninew@nasa.gov","Female"
"538","Victor","Butson","vbutsonex@vinaora.com","Male"
"539","Dorelia","Eliasen","deliaseney@flavors.me","Female"
"540","Gertrudis","Wabe","gwabeez@godaddy.com","Female"
"541","Wanids","Gorman","wgormanf0@ucsd.edu","Female"
"542","Rosie","Nicolls","rnicollsf1@networksolutions.com","Female"
"543","Laverne","Starrs","lstarrsf2@chronoengine.com","Female"
"544","Thain","Annies","tanniesf3@europa.eu","Male"
"545","Fidole","Deddum","fdeddumf4@vistaprint.com","Male"
"546","Thomasa","Loch","tlochf5@ft.com","Female"
"547","Courtnay","Thorns","cthornsf6@histats.com","Male"
"548","Row","Peeke","rpeekef7@diigo.com","Female"
"549","Janessa","Hawkridge","jhawkridgef8@wiley.com","Female"
"550","Benedetto","Garrity","bgarrityf9@webnode.com","Male"
"551","Rossie","Gabbatiss","rgabbatissfa@mashable.com","Male"
"552","Davide","Frankema","dfrankemafb@homestead.com","Male"
"553","Sephira","Keller","skellerfc@va.gov","Female"
"554","Elfrieda","Giddy","egiddyfd@youtube.com","Female"
"555","Uta","Overall","uoverallfe@whitehouse.gov","Female"
"556","Deana","Berrington","dberringtonff@berkeley.edu","Female"
"557","Kally","Ceccoli","kceccolifg@jimdo.com","Female"
"558","Ardra","Benbow","abenbowfh@arstechnica.com","Female"
"559","Jacquie","Cullinane","jcullinanefi@blinklist.com","Female"
"560","Guss","Spires","gspiresfj@prweb.com","Male"
"561","Merrill","Moult","mmoultfk@t-online.de","Female"
"562","Elias","Brumbie","ebrumbiefl@guardian.co.uk","Male"
"563","Garry","Mulvenna","gmulvennafm@nydailynews.com","Male"
"564","Kleon","Agett","kagettfn@yandex.ru","Male"
"565","Cesar","Hearfield","chearfieldfo@constantcontact.com","Male"
"566","Parker","Hadden","phaddenfp@time.com","Male"
"567","Redford","Knott","rknottfq@yandex.ru","Male"
"568","Parker","Hewell","phewellfr@yellowbook.com","Male"
"569","Gwenni","Ascough","gascoughfs@washingtonpost.com","Female"
"570","Leslie","Billyeald","lbillyealdft@europa.eu","Female"
"571","Claire","Hasselby","chasselbyfu@sourceforge.net","Female"
"572","Moyra","Fawlks","mfawlksfv@cmu.edu","Female"
"573","Paton","Gregolin","pgregolinfw@plala.or.jp","Male"
"574","Bengt","Spellissy","bspellissyfx@tuttocitta.it","Male"
"575","Charmian","Craxford","ccraxfordfy@craigslist.org","Female"
"576","Bonnibelle","Vallentine","bvallentinefz@goo.ne.jp","Female"
"577","Betteann","Colquyte","bcolquyteg0@trellian.com","Female"
"578","Georgianne","Jeness","gjenessg1@angelfire.com","Female"
"579","Dulcinea","Cleaveland","dcleavelandg2@infoseek.co.jp","Female"
"580","Hayes","L' Estrange","hlestrangeg3@amazonaws.com","Male"
"581","Frans","Krale","fkraleg4@facebook.com","Male"
"582","Hugh","Hickisson","hhickissong5@eepurl.com","Male"
"583","Franky","Cary","fcaryg6@dagondesign.com","Female"
"584","Ricoriki","Cathie","rcathieg7@comsenz.com","Male"
"585","Jacquenetta","Creegan","jcreegang8@geocities.com","Female"
"586","Chalmers","Fishpond","cfishpondg9@skyrock.com","Male"
"587","Adina","Stieger","astiegerga@nps.gov","Female"
"588","Scarface","Greensted","sgreenstedgb@who.int","Male"
"589","Murvyn","Golder","mgoldergc@hatena.ne.jp","Male"
"590","Blake","Riggoll","briggollgd@usa.gov","Male"
"591","Ronalda","Zisneros","rzisnerosge@cloudflare.com","Female"
"592","Kimmy","Guisby","kguisbygf@cnbc.com","Female"
"593","Roda","Tolworthy","rtolworthygg@wix.com","Female"
"594","Bernadina","Cunningham","bcunninghamgh@lulu.com","Female"
"595","Husein","Betjeman","hbetjemangi@virginia.edu","Male"
"596","Aluino","O'Connor","aoconnorgj@google.co.uk","Male"
"597","Elijah","McCathie","emccathiegk@themeforest.net","Male"
"598","Lew","Phelipeau","lphelipeaugl@wunderground.com","Male"
"599","Sascha","Ferran","sferrangm@cargocollective.com","Male"
"600","Christina","Mains","cmainsgn@networksolutions.com","Female"
"601","Addie","Tomblett","atomblettgo@cargocollective.com","Male"
"602","Jorie","Towns","jtownsgp@moonfruit.com","Female"
"603","Margit","Dartnell","mdartnellgq@thetimes.co.uk","Female"
"604","Khalil","Dunsford","kdunsfordgr@hostgator.com","Male"
"605","Iago","Brenton","ibrentongs@wp.com","Male"
"606","Morrie","Perrelli","mperrelligt@edublogs.org","Male"
"607","Kathie","Kernell","kkernellgu@businesswire.com","Female"
"608","Lorine","January","ljanuarygv@census.gov","Female"
"609","Ezmeralda","Hagyard","ehagyardgw@fastcompany.com","Female"
"610","Trixi","Reveley","treveleygx@dyndns.org","Female"
"611","Ulric","Gisburne","ugisburnegy@mayoclinic.com","Male"
"612","Roley","Pardie","rpardiegz@slashdot.org","Male"
"613","Barnabas","Sworn","bswornh0@live.com","Male"
"614","Orton","Leadston","oleadstonh1@sina.com.cn","Male"
"615","Jerrilee","Pagram","jpagramh2@spiegel.de","Female"
"616","Maible","Bordone","mbordoneh3@bluehost.com","Female"
"617","Gabi","Huot","ghuoth4@usgs.gov","Female"
"618","Corby","Elcoux","celcouxh5@washington.edu","Male"
"619","Noel","Moffett","nmoffetth6@blogtalkradio.com","Female"
"620","Arin","Winsome","awinsomeh7@unc.edu","Male"
"621","Perceval","McVanamy","pmcvanamyh8@fotki.com","Male"
"622","Odelle","Vlasyuk","ovlasyukh9@dedecms.com","Female"
"623","Hermie","Eager","heagerha@paypal.com","Male"
"624","Gabriel","Kigelman","gkigelmanhb@columbia.edu","Male"
"625","Enriqueta","Bungey","ebungeyhc@epa.gov","Female"
"626","Lind","Doumenc","ldoumenchd@hc360.com","Male"
"627","Way","Goudman","wgoudmanhe@theatlantic.com","Male"
"628","Bevvy","Wemes","bwemeshf@imageshack.us","Female"
"629","Katee","Deary","kdearyhg@eventbrite.com","Female"
"630","Bastian","Laffan","blaffanhh@goodreads.com","Male"
"631","Freemon","Perigo","fperigohi@a8.net","Male"
"632","Isidro","Jimmes","ijimmeshj@opensource.org","Male"
"633","Clayson","Sugar","csugarhk@github.io","Male"
"634","Felecia","Lutzmann","flutzmannhl@youku.com","Female"
"635","Osmund","Iacobetto","oiacobettohm@ucsd.edu","Male"
"636","Orv","Franzen","ofranzenhn@redcross.org","Male"
"637","Giorgi","Landall","glandallho@fotki.com","Male"
"638","Prudi","Chard","pchardhp@shutterfly.com","Female"
"639","Noni","Goter","ngoterhq@bloglines.com","Female"
"640","Gerty","Pendle","gpendlehr@reference.com","Female"
"641","Reta","Amaya","ramayahs@washington.edu","Female"
"642","Clem","Woodford","cwoodfordht@rakuten.co.jp","Male"
"643","Annie","Baskeyfield","abaskeyfieldhu@wired.com","Female"
"644","Elmer","Cisar","ecisarhv@opensource.org","Male"
"645","Myrtice","Bamber","mbamberhw@google.pl","Female"
"646","Gordie","McNellis","gmcnellishx@disqus.com","Male"
"647","Kevan","Pendlebery","kpendleberyhy@woothemes.com","Male"
"648","Frants","Wortman","fwortmanhz@cdbaby.com","Male"
"649","Kathye","Kobes","kkobesi0@fc2.com","Female"
"650","Berke","Grimmett","bgrimmetti1@opensource.org","Male"
"651","Georgianne","Couch","gcouchi2@washingtonpost.com","Female"
"652","Merrick","Bradnocke","mbradnockei3@tripadvisor.com","Male"
"653","Kenon","Shirtcliffe","kshirtcliffei4@opera.com","Male"
"654","Emily","Tinto","etintoi5@yellowbook.com","Female"
"655","Mehetabel","Spiers","mspiersi6@wufoo.com","Female"
"656","Daren","Doucette","ddoucettei7@alibaba.com","Male"
"657","Delbert","Hasloch","dhaslochi8@wp.com","Male"
"658","Scotty","Yukhnev","syukhnevi9@adobe.com","Male"
"659","Obadiah","Pedrol","opedrolia@themeforest.net","Male"
"660","Michele","Ellwell","mellwellib@prlog.org","Female"
"661","Collette","Eastbrook","ceastbrookic@ameblo.jp","Female"
"662","Zabrina","McAlpine","zmcalpineid@dion.ne.jp","Female"
"663","Ramsey","Rumens","rrumensie@microsoft.com","Male"
"664","Retha","Iacoviello","riacovielloif@omniture.com","Female"
"665","Spike","Van Waadenburg","svanwaadenburgig@homestead.com","Male"
"666","Demetra","Sells","dsellsih@nationalgeographic.com","Female"
"667","Ly","Towns","ltownsii@tamu.edu","Male"
"668","Arabel","Stockin","astockinij@icq.com","Female"
"669","Poul","Beardwood","pbeardwoodik@eventbrite.com","Male"
"670","Dur","Krammer","dkrammeril@about.com","Male"
"671","Brian","Gaffney","bgaffneyim@ifeng.com","Male"
"672","Kala","Pinsent","kpinsentin@slashdot.org","Female"
"673","Felipe","Aldwick","faldwickio@cmu.edu","Male"
"674","Valma","Spieght","vspieghtip@lulu.com","Female"
"675","Adolphus","Shearsby","ashearsbyiq@jiathis.com","Male"
"676","Candace","Moutray Read","cmoutrayreadir@oakley.com","Female"
"677","Bird","Papaccio","bpapacciois@goodreads.com","Female"
"678","Verna","Gerrels","vgerrelsit@google.de","Female"
"679","Lon","Keast","lkeastiu@woothemes.com","Male"
"680","Halli","Scotland","hscotlandiv@google.cn","Female"
"681","Thekla","Mincher","tmincheriw@theatlantic.com","Female"
"682","Roderich","Albutt","ralbuttix@shinystat.com","Male"
"683","Carce","Slowgrove","cslowgroveiy@biglobe.ne.jp","Male"
"684","Anitra","Connors","aconnorsiz@microsoft.com","Female"
"685","Joye","Timcke","jtimckej0@unesco.org","Female"
"686","Jamesy","Sloy","jsloyj1@patch.com","Male"
"687","Charlene","Gerhardt","cgerhardtj2@spiegel.de","Female"
"688","Mureil","Beamont","mbeamontj3@rambler.ru","Female"
"689","Brand","Viner","bvinerj4@live.com","Male"
"690","Miltie","Ferrari","mferrarij5@amazon.de","Male"
"691","Gunilla","Husset","ghussetj6@techcrunch.com","Female"
"692","Adina","Priestman","apriestmanj7@gizmodo.com","Female"
"693","Nani","MacParland","nmacparlandj8@yellowpages.com","Female"
"694","Jard","Benthall","jbenthallj9@ifeng.com","Male"
"695","Judas","Gothard","jgothardja@myspace.com","Male"
"696","Sherlocke","Littlejohns","slittlejohnsjb@princeton.edu","Male"
"697","Arabelle","Trevethan","atrevethanjc@dion.ne.jp","Female"
"698","Veda","Clout","vcloutjd@altervista.org","Female"
"699","Burnard","Clipsham","bclipshamje@admin.ch","Male"
"700","Irwinn","Izen","iizenjf@prlog.org","Male"
"701","Lorenza","Bernardeschi","lbernardeschijg@cocolog-nifty.com","Female"
"702","Tye","Brasseur","tbrasseurjh@zimbio.com","Male"
"703","Erinna","Durtnell","edurtnellji@unicef.org","Female"
"704","Opaline","Selwood","oselwoodjj@behance.net","Female"
"705","Gwendolin","Mousley","gmousleyjk@merriam-webster.com","Female"
"706","Gabriela","Gensavage","ggensavagejl@mapy.cz","Female"
"707","Wendell","Heaton","wheatonjm@nbcnews.com","Male"
"708","Jeane","Bernardino","jbernardinojn@exblog.jp","Female"
"709","Wilden","Frusher","wfrusherjo@guardian.co.uk","Male"
"710","Merrilee","O' Donohue","modonohuejp@ed.gov","Female"
"711","Mellie","McPeck","mmcpeckjq@i2i.jp","Female"
"712","Merv","Niaves","mniavesjr@army.mil","Male"
"713","Arlene","Wield","awieldjs@aol.com","Female"
"714","Torie","Mardlin","tmardlinjt@geocities.jp","Female"
"715","Mamie","Goodlet","mgoodletju@addtoany.com","Female"
"716","Cyndia","Pinkie","cpinkiejv@blog.com","Female"
"717","Caroline","Handrahan","chandrahanjw@liveinternet.ru","Female"
"718","Alidia","Fuchs","afuchsjx@ebay.com","Female"
"719","Benyamin","Fellibrand","bfellibrandjy@netvibes.com","Male"
"720","Hertha","Volkes","hvolkesjz@biblegateway.com","Female"
"721","Jordanna","Westwell","jwestwellk0@fotki.com","Female"
"722","Munmro","Vittori","mvittorik1@mozilla.com","Male"
"723","Hilton","Doward","hdowardk2@tripadvisor.com","Male"
"724","Margaret","Rankling","mranklingk3@cbc.ca","Female"
"725","Christabel","Donaghy","cdonaghyk4@foxnews.com","Female"
"726","Illa","Brearley","ibrearleyk5@themeforest.net","Female"
"727","Mitchael","Fenton","mfentonk6@cargocollective.com","Male"
"728","Shirleen","Utton","suttonk7@foxnews.com","Female"
"729","Lorelei","Torrent","ltorrentk8@usgs.gov","Female"
"730","Druci","Johnson","djohnsonk9@cisco.com","Female"
"731","Jerrome","Woodwin","jwoodwinka@arstechnica.com","Male"
"732","Emmery","Drakers","edrakerskb@cafepress.com","Male"
"733","Celestyna","Chellingworth","cchellingworthkc@columbia.edu","Female"
"734","Colman","Shemming","cshemmingkd@cyberchimps.com","Male"
"735","Gordon","Ottiwill","gottiwillke@army.mil","Male"
"736","Toiboid","Baudi","tbaudikf@geocities.jp","Male"
"737","Morly","Birth","mbirthkg@apache.org","Male"
"738","Jordain","Thews","jthewskh@nifty.com","Female"
"739","Janine","Ohm","johmki@mayoclinic.com","Female"
"740","Melitta","Gladwell","mgladwellkj@vkontakte.ru","Female"
"741","Tadeas","Kubacki","tkubackikk@foxnews.com","Male"
"742","Dalston","Simes","dsimeskl@goo.gl","Male"
"743","Sib","Baughen","sbaughenkm@nhs.uk","Female"
"744","Carma","Redmore","credmorekn@weather.com","Female"
"745","Garek","Praundlin","gpraundlinko@e-recht24.de","Male"
"746","June","Calafate","jcalafatekp@yellowbook.com","Female"
"747","Hartley","Hammerich","hhammerichkq@nasa.gov","Male"
"748","Kaleena","Rowsel","krowselkr@csmonitor.com","Female"
"749","Donnamarie","Hainge","dhaingeks@webs.com","Female"
"750","Sydney","Van de Vlies","svandevlieskt@reverbnation.com","Male"
"751","Whitaker","Leishman","wleishmanku@sun.com","Male"
"752","Neilla","Kynge","nkyngekv@census.gov","Female"
"753","Emory","Wilding","ewildingkw@miitbeian.gov.cn","Male"
"754","Katrinka","Burridge","kburridgekx@github.io","Female"
"755","Jakob","Maxfield","jmaxfieldky@phpbb.com","Male"
"756","Patsy","Brooksbie","pbrooksbiekz@com.com","Female"
"757","Nicolis","Guildford","nguildfordl0@jiathis.com","Male"
"758","Russell","Shreeves","rshreevesl1@phoca.cz","Male"
"759","Itch","Piwell","ipiwelll2@hexun.com","Male"
"760","Julianna","MacKibbon","jmackibbonl3@wufoo.com","Female"
"761","Jammal","Bickmore","jbickmorel4@bravesites.com","Male"
"762","Merrie","Griffey","mgriffeyl5@indiatimes.com","Female"
"763","Della","Pyburn","dpyburnl6@addtoany.com","Female"
"764","Phillipe","Bullas","pbullasl7@umn.edu","Male"
"765","Katherina","Scantleberry","kscantleberryl8@nasa.gov","Female"
"766","Sergeant","Mazzei","smazzeil9@goo.ne.jp","Male"
"767","Britta","Kasper","bkasperla@upenn.edu","Female"
"768","Karita","Kemmis","kkemmislb@diigo.com","Female"
"769","Adolphus","Gagin","agaginlc@hostgator.com","Male"
"770","Dick","Nickolls","dnickollsld@google.com.hk","Male"
"771","Samuel","Lamey","slameyle@domainmarket.com","Male"
"772","Lonee","Gotcliff","lgotclifflf@storify.com","Female"
"773","Skye","McNickle","smcnicklelg@mashable.com","Male"
"774","Bendix","Pallis","bpallislh@forbes.com","Male"
"775","Rici","Shuttleworth","rshuttleworthli@angelfire.com","Female"
"776","Bernadine","Sleford","bslefordlj@mapquest.com","Female"
"777","Phineas","Bracer","pbracerlk@about.com","Male"
"778","Darya","Crossgrove","dcrossgrovell@blog.com","Female"
"779","Gualterio","Salazar","gsalazarlm@skype.com","Male"
"780","Friederike","Barthot","fbarthotln@mozilla.com","Female"
"781","Dwain","Camocke","dcamockelo@tumblr.com","Male"
"782","Vail","Georges","vgeorgeslp@desdev.cn","Male"
"783","Tabitha","Potten","tpottenlq@flickr.com","Female"
"784","Mavra","Palk","mpalklr@java.com","Female"
"785","Brianna","Lupton","bluptonls@forbes.com","Female"
"786","Sallyanne","Pocknoll","spocknolllt@bandcamp.com","Female"
"787","Dore","Brownlie","dbrownlielu@vistaprint.com","Male"
"788","Aida","Bloxsome","abloxsomelv@g.co","Female"
"789","Amory","Easom","aeasomlw@census.gov","Male"
"790","Enos","Kellock","ekellocklx@ifeng.com","Male"
"791","Isaak","Jentzsch","ijentzschly@about.me","Male"
"792","Karolina","Testin","ktestinlz@redcross.org","Female"
"793","Ronald","Falk","rfalkm0@pen.io","Male"
"794","Quinn","Jope","qjopem1@cargocollective.com","Male"
"795","Myrtle","Corzon","mcorzonm2@livejournal.com","Female"
"796","Thurstan","Whales","twhalesm3@ucoz.com","Male"
"797","Bridie","Lewcock","blewcockm4@surveymonkey.com","Female"
"798","Adelaida","Paula","apaulam5@google.com","Female"
"799","Domenico","Awton","dawtonm6@uol.com.br","Male"
"800","Weider","Imm","wimmm7@yahoo.co.jp","Male"
"801","Devora","Rodell","drodellm8@dedecms.com","Female"
"802","Edee","Clynter","eclynterm9@lycos.com","Female"
"803","Conni","Marcussen","cmarcussenma@cornell.edu","Female"
"804","Samantha","Pymer","spymermb@imgur.com","Female"
"805","Brice","Fairley","bfairleymc@nasa.gov","Male"
"806","Davie","Shemilt","dshemiltmd@amazon.de","Male"
"807","Reinaldos","Trayte","rtrayteme@narod.ru","Male"
"808","Rudyard","Lipprose","rlipprosemf@stumbleupon.com","Male"
"809","Pooh","Riddall","priddallmg@list-manage.com","Female"
"810","Sheryl","Dykes","sdykesmh@springer.com","Female"
"811","Burke","Capponeer","bcapponeermi@rakuten.co.jp","Male"
"812","Randi","Ferry","rferrymj@dagondesign.com","Female"
"813","Ranice","Mobley","rmobleymk@tmall.com","Female"
"814","Schuyler","Heinecke","sheineckeml@51.la","Male"
"815","Orlan","Guthrie","oguthriemm@newyorker.com","Male"
"816","Gabrielle","Grills","ggrillsmn@usatoday.com","Female"
"817","Roxine","Blewett","rblewettmo@phoca.cz","Female"
"818","Lorilyn","Daudray","ldaudraymp@mlb.com","Female"
"819","Hartwell","Cannicott","hcannicottmq@shinystat.com","Male"
"820","Alena","Quene","aquenemr@hostgator.com","Female"
"821","Valentijn","Keywood","vkeywoodms@example.com","Male"
"822","Gelya","Barhems","gbarhemsmt@live.com","Female"
"823","Mariana","Marielle","mmariellemu@mac.com","Female"
"824","Therese","Packham","tpackhammv@springer.com","Female"
"825","Tadd","McDavid","tmcdavidmw@ed.gov","Male"
"826","Moyra","Railton","mrailtonmx@forbes.com","Female"
"827","Donaugh","Cortin","dcortinmy@sourceforge.net","Male"
"828","Woody","Collishaw","wcollishawmz@google.de","Male"
"829","Bibi","Woan","bwoann0@oaic.gov.au","Female"
"830","Rudolf","Hannen","rhannenn1@ehow.com","Male"
"831","Garland","Aidler","gaidlern2@liveinternet.ru","Female"
"832","Tessi","Petras","tpetrasn3@ucsd.edu","Female"
"833","Aldon","Cavilla","acavillan4@hibu.com","Male"
"834","Madlin","Hilhouse","mhilhousen5@cnbc.com","Female"
"835","Adolf","Pordall","apordalln6@aboutads.info","Male"
"836","Delmer","Millier","dmilliern7@imageshack.us","Male"
"837","Bjorn","Klebes","bklebesn8@sourceforge.net","Male"
"838","Karlis","Heinle","kheinlen9@nymag.com","Male"
"839","Buddy","Glasscott","bglasscottna@feedburner.com","Male"
"840","Emmy","Brownsmith","ebrownsmithnb@yahoo.co.jp","Male"
"841","Tabbatha","Di Bernardo","tdibernardonc@php.net","Female"
"842","Oliy","Jaggli","ojagglind@hugedomains.com","Female"
"843","Katti","Kieran","kkieranne@cornell.edu","Female"
"844","Westleigh","Petrashov","wpetrashovnf@taobao.com","Male"
"845","Jackie","Chipp","jchippng@live.com","Male"
"846","Nowell","Warman","nwarmannh@ucoz.com","Male"
"847","Codi","Isenor","cisenorni@goodreads.com","Female"
"848","Hurlee","Goad","hgoadnj@jugem.jp","Male"
"849","Taddeusz","Jakovijevic","tjakovijevicnk@imgur.com","Male"
"850","Pieter","Poytheras","ppoytherasnl@berkeley.edu","Male"
"851","Baily","Inde","bindenm@bloglines.com","Male"
"852","Dixie","Bysshe","dbysshenn@msn.com","Female"
"853","Jaine","Trustram","jtrustramno@miibeian.gov.cn","Female"
"854","Delmor","Bernardini","dbernardininp@twitter.com","Male"
"855","Kit","Smoote","ksmootenq@ask.com","Female"
"856","Wait","Tilliards","wtilliardsnr@diigo.com","Male"
"857","Clerc","Luigi","cluigins@amazon.co.jp","Male"
"858","Shelbi","Whatley","swhatleynt@cnet.com","Female"
"859","Demetris","Baldin","dbaldinnu@yelp.com","Male"
"860","Ellsworth","Ducrow","educrownv@newyorker.com","Male"
"861","Lombard","Greest","lgreestnw@wired.com","Male"
"862","Gael","Dovidaitis","gdovidaitisnx@irs.gov","Male"
"863","Shannan","Spikings","sspikingsny@usnews.com","Male"
"864","Carlina","Thying","cthyingnz@google.com","Female"
"865","Alida","Yetts","ayettso0@de.vu","Female"
"866","Jerrold","Dilliston","jdillistono1@columbia.edu","Male"
"867","Stormi","Dagon","sdagono2@acquirethisname.com","Female"
"868","Burnaby","Aviss","bavisso3@cyberchimps.com","Male"
"869","Matelda","Ferry","mferryo4@netvibes.com","Female"
"870","Leela","Howsden","lhowsdeno5@ucla.edu","Female"
"871","Verla","Clericoates","vclericoateso6@toplist.cz","Female"
"872","Stevana","Seabridge","sseabridgeo7@theatlantic.com","Female"
"873","Alie","McCrea","amccreao8@dyndns.org","Female"
"874","Adora","O'Nions","aonionso9@huffingtonpost.com","Female"
"875","Robina","Cordingly","rcordinglyoa@icq.com","Female"
"876","Rori","Ivanishin","rivanishinob@ted.com","Female"
"877","Ajay","Rowbotham","arowbothamoc@boston.com","Female"
"878","Gan","McNeigh","gmcneighod@people.com.cn","Male"
"879","Aleen","Brame","abrameoe@merriam-webster.com","Female"
"880","Edward","Ruffy","eruffyof@mapquest.com","Male"
"881","Serena","Butts","sbuttsog@npr.org","Female"
"882","Walker","Anscott","wanscottoh@webnode.com","Male"
"883","Lily","Ferrettini","lferrettinioi@salon.com","Female"
"884","Danyette","Malcolm","dmalcolmoj@live.com","Female"
"885","Randolf","Edworthy","redworthyok@aboutads.info","Male"
"886","Obidiah","Greenall","ogreenallol@reddit.com","Male"
"887","Natty","Cogger","ncoggerom@jalbum.net","Female"
"888","Eddy","Bridewell","ebridewellon@paypal.com","Male"
"889","Berti","Bodemeaid","bbodemeaidoo@mtv.com","Male"
"890","Zulema","Scarasbrick","zscarasbrickop@github.io","Female"
"891","Elisha","Rubrow","erubrowoq@ning.com","Female"
"892","Ermentrude","Kyte","ekyteor@bizjournals.com","Female"
"893","Bevin","Leinweber","bleinweberos@ustream.tv","Male"
"894","Reidar","Fick","rfickot@rambler.ru","Male"
"895","Jamill","Canero","jcaneroou@meetup.com","Male"
"896","Hestia","Ruggen","hruggenov@samsung.com","Female"
"897","Nikos","Goodread","ngoodreadow@gnu.org","Male"
"898","Aldin","Chaffyn","achaffynox@twitter.com","Male"
"899","Brendin","Rolance","brolanceoy@hao123.com","Male"
"900","Denys","Flieg","dfliegoz@webeden.co.uk","Male"
"901","Derrick","Stradling","dstradlingp0@cmu.edu","Male"
"902","Sylvia","Jenoure","sjenourep1@go.com","Female"
"903","Thom","Scantleberry","tscantleberryp2@myspace.com","Male"
"904","Marco","Knott","mknottp3@sciencedaily.com","Male"
"905","Gorden","Hancorn","ghancornp4@chicagotribune.com","Male"
"906","Durante","Mintram","dmintramp5@gnu.org","Male"
"907","Gabbie","Quillinane","gquillinanep6@networkadvertising.org","Male"
"908","Avram","Grenter","agrenterp7@dell.com","Male"
"909","Raynor","Muirden","rmuirdenp8@nationalgeographic.com","Male"
"910","Hedda","Jeannel","hjeannelp9@instagram.com","Female"
"911","Corby","Gentil","cgentilpa@yellowpages.com","Male"
"912","Harper","Attenborough","hattenboroughpb@ning.com","Male"
"913","Vivianna","Sexton","vsextonpc@angelfire.com","Female"
"914","Raven","Witherington","rwitheringtonpd@examiner.com","Female"
"915","Erhart","Broad","ebroadpe@msu.edu","Male"
"916","Dalenna","Giaomozzo","dgiaomozzopf@discuz.net","Female"
"917","Nevins","McKniely","nmcknielypg@utexas.edu","Male"
"918","Dilly","Elsbury","delsburyph@bing.com","Male"
"919","Dominique","Kardos","dkardospi@blog.com","Female"
"920","Winifield","Naris","wnarispj@oakley.com","Male"
"921","Tommy","Bumphrey","tbumphreypk@economist.com","Female"
"922","Goraud","Pell","gpellpl@time.com","Male"
"923","Belvia","Cossins","bcossinspm@hud.gov","Female"
"924","Marje","Rigmand","mrigmandpn@vk.com","Female"
"925","Barde","Haskur","bhaskurpo@reuters.com","Male"
"926","Remington","Jessup","rjessuppp@google.co.jp","Male"
"927","Payton","Moule","pmoulepq@biblegateway.com","Male"
"928","Editha","McKennan","emckennanpr@earthlink.net","Female"
"929","Ed","Fawdrie","efawdrieps@deviantart.com","Male"
"930","Rania","Beville","rbevillept@mtv.com","Female"
"931","Angelica","Ebbage","aebbagepu@cpanel.net","Female"
"932","Stearne","Deakins","sdeakinspv@ucla.edu","Male"
"933","Sherill","Sanchis","ssanchispw@cornell.edu","Female"
"934","Sid","Ivens","sivenspx@senate.gov","Male"
"935","Darda","Pullman","dpullmanpy@goo.ne.jp","Female"
"936","Devonna","Banham","dbanhampz@weibo.com","Female"
"937","Joana","Hunnable","jhunnableq0@163.com","Female"
"938","Jilly","Hinks","jhinksq1@behance.net","Female"
"939","Dorella","Killimister","dkillimisterq2@4shared.com","Female"
"940","Erinna","Childes","echildesq3@tumblr.com","Female"
"941","Adriano","Deerness","adeernessq4@stumbleupon.com","Male"
"942","Elbert","Beebee","ebeebeeq5@cbsnews.com","Male"
"943","Tobey","Radoux","tradouxq6@jalbum.net","Female"
"944","Kinna","Axon","kaxonq7@themeforest.net","Female"
"945","Loise","Van Rembrandt","lvanrembrandtq8@google.com.br","Female"
"946","Timmy","Fitzhenry","tfitzhenryq9@unc.edu","Male"
"947","Selma","Petel","spetelqa@tinypic.com","Female"
"948","Johnnie","Hiers","jhiersqb@twitter.com","Male"
"949","Marvin","Tarquini","mtarquiniqc@dropbox.com","Male"
"950","Cheryl","Ciepluch","cciepluchqd@plala.or.jp","Female"
"951","Ericha","Roughsedge","eroughsedgeqe@ftc.gov","Female"
"952","Estrellita","Winser","ewinserqf@linkedin.com","Female"
"953","Obadiah","Huntingford","ohuntingfordqg@go.com","Male"
"954","Vivian","Crates","vcratesqh@furl.net","Female"
"955","Pace","Larrington","plarringtonqi@businessweek.com","Male"
"956","Chryste","Scrowston","cscrowstonqj@so-net.ne.jp","Female"
"957","Chelsie","Batten","cbattenqk@w3.org","Female"
"958","Alonso","Padson","apadsonql@elpais.com","Male"
"959","Lowe","Lacoste","llacosteqm@spiegel.de","Male"
"960","Ernesto","Schumacher","eschumacherqn@webmd.com","Male"
"961","Dona","Attoe","dattoeqo@intel.com","Female"
"962","Laurent","Godleman","lgodlemanqp@friendfeed.com","Male"
"963","Nicolle","Earlam","nearlamqq@ft.com","Female"
"964","Evanne","Hanning","ehanningqr@wsj.com","Female"
"965","Seamus","Latore","slatoreqs@java.com","Male"
"966","Chere","Gronow","cgronowqt@youtube.com","Female"
"967","Huntington","Tarrant","htarrantqu@statcounter.com","Male"
"968","Tanner","Peddel","tpeddelqv@studiopress.com","Male"
"969","Hyacinth","Ossenna","hossennaqw@hud.gov","Female"
"970","Lutero","Tregent","ltregentqx@netvibes.com","Male"
"971","Corinna","Enion","cenionqy@kickstarter.com","Female"
"972","Javier","Phelps","jphelpsqz@istockphoto.com","Male"
"973","Aylmer","Di Matteo","adimatteor0@webeden.co.uk","Male"
"974","Iorgo","Clackson","iclacksonr1@instagram.com","Male"
"975","Sanderson","Tendahl","stendahlr2@sun.com","Male"
"976","Laird","Impy","limpyr3@phoca.cz","Male"
"977","Dorolisa","Le Noire","dlenoirer4@google.cn","Female"
"978","Vonni","Filan","vfilanr5@hostgator.com","Female"
"979","Federica","Kivell","fkivellr6@nba.com","Female"
"980","Maynard","Dunsire","mdunsirer7@springer.com","Male"
"981","Rubin","McPhelimey","rmcphelimeyr8@usnews.com","Male"
"982","Stanley","Andrejevic","sandrejevicr9@posterous.com","Male"
"983","Sybyl","Brando","sbrandora@altervista.org","Female"
"984","Fancie","Cullinane","fcullinanerb@bandcamp.com","Female"
"985","Les","Gruszczak","lgruszczakrc@geocities.jp","Male"
"986","Winnie","Fisk","wfiskrd@nasa.gov","Male"
"987","Ahmed","Donhardt","adonhardtre@theatlantic.com","Male"
"988","Mal","Scollan","mscollanrf@hibu.com","Male"
"989","Shirl","Emmitt","semmittrg@usgs.gov","Female"
"990","Murdoch","Basile","mbasilerh@bloglines.com","Male"
"991","Natka","Barchrameev","nbarchrameevri@stumbleupon.com","Female"
"992","Olly","de Cullip","odeculliprj@theatlantic.com","Male"
"993","Whitman","Ridsdole","wridsdolerk@mac.com","Male"
"994","Elyn","Hulkes","ehulkesrl@businessweek.com","Female"
"995","Agosto","Cahillane","acahillanerm@altervista.org","Male"
"996","Karl","Winspear","kwinspearrn@photobucket.com","Male"
"997","Sela","Fibbings","sfibbingsro@theguardian.com","Female"
"998","Tomaso","Yurtsev","tyurtsevrp@netlog.com","Male"
"999","Nertie","Storm","nstormrq@rambler.ru","Female"
"1000","Lauri","Stockle","lstocklerr@list-manage.com","Female"
